frontal,temporal,parietal,occipital,limbic,salience,dmn,cen,limbic_net,visual,neighbor_context,emotion,subject
0.1322156550133238,-0.016731542431734227,0.559827113047106,0.12621855695103762,-0.2633833776413116,-0.32745238940960647,0.17205489254220546,0.5376154624816604,-0.28912520099873273,0.19335257630270766,0.10648883672516307,Afraid,sub-01
0.20776668725377298,0.5263786246641713,-0.4796082006501189,-0.0638113192528604,0.3905986183075288,0.6766297557040136,-0.1341314794409714,-0.0733678847718765,0.44489646582350983,-0.17425168228514254,0.17036142667448773,Calm,sub-01
0.2932438550950789,0.3296597256309878,0.16937327032750482,0.31523944160924544,-0.02971720738520575,0.12547875114081117,-0.1083422626912827,0.1685308959154666,0.05143553023845928,0.2787431783295414,0.2472745154519469,Delighted,sub-01
-0.009501704424332619,-0.13107047899160276,-0.0676730917472742,0.030144527860554778,-0.08422295202524022,0.10279926221038026,-0.24230054563457784,-0.13716948593523012,-0.10044650095356182,0.003540459304135185,-0.05991962826639369,Depressed,sub-01
-0.05952964373118041,-0.12889721637063878,0.1726334498101692,0.5151234467157921,0.014643126839107207,-0.15817123369125308,0.20701864325971106,-0.05836575002425148,-0.04208206818465781,0.4902428120439608,0.06253395013832846,Excited,sub-01
0.19420121186695252,0.498793345032464,-0.0047482631462381145,0.49701115331652684,0.507722147948082,0.45042865977886737,0.36904539417731047,0.05976119181224469,0.298499954263098,0.36978548922505267,0.3458864482307133,Afraid,sub-02
-0.013687223745009396,-0.05541389910227405,-0.42331904498072115,-0.2605717500159438,0.07054269412835151,0.03636600236566723,-0.1609656845056699,-0.2756159134856027,0.24645674028882053,-0.3011582122903435,-0.12561746131109217,Calm,sub-02
0.09040223532895056,0.4545234853252869,-0.2592193366207856,-0.2541644986573837,-0.018504653274282374,0.13169557079063035,-0.26318361415345937,-0.1979992760629657,0.15735554579301092,-0.29753246328406774,0.07487871388805649,Delighted,sub-02
-0.04562234744405387,0.007600523428701424,0.07670766297560729,0.05625566130504663,-0.24047616632717017,-0.1427059314677762,-0.1582302884773409,0.0735546035911261,-0.25990943598510213,0.05303569812306089,-0.015978924461913766,Depressed,sub-02
0.5149797999229239,0.24129289566160667,0.8003142165087728,0.5405487609471545,0.35975518293964365,0.5897747889717982,0.4114599638481474,0.693496658866585,-0.04610938406149585,0.48716378507923547,0.4618667948200321,Excited,sub-02
-0.2180415915823165,0.010628890015896569,0.18018824976396383,-0.002670807144886638,-0.016711903695429815,0.012530509037197603,0.11518993922773853,0.12288420015831025,-0.22541263088451902,-0.015211236564569621,-0.019149084133062388,Afraid,sub-03
0.03611427383516742,-0.06977115018653629,0.35817190725378695,-0.12630852557734612,0.11534288309824076,0.14806719991606473,0.30937272838200147,0.27655137653323214,-0.133599668815703,-0.08080153877794759,0.039534460653953524,Calm,sub-03
0.4667629013072185,0.07500486713791836,0.5997534831838677,0.1290717412344275,0.28020290018511906,0.39175417589281575,0.25982307085456635,0.6548032989560563,0.1114296097133221,0.21719899333356799,0.28690175245635946,Delighted,sub-03
0.41194339000373914,-0.06612585796750219,0.3160878587991059,-0.1335392919028297,0.24726155981433995,0.4880131172318181,0.10601281875833687,0.27907088211088416,0.23625267183047902,-0.15617094739979545,0.135071819053851,Depressed,sub-03
0.0552212695582773,0.15128198127561582,0.3267506012778425,0.22147407498740002,0.07272293792619546,0.10959909296772914,0.22354245381540436,0.23690770471041306,0.08479989128205956,0.22146071667060407,0.16039164004071668,Excited,sub-03
0.5211281187927715,0.052269956432581234,0.6838781353844365,0.4900265584129474,0.7513563872346071,1.1148605492347528,0.4416379061665312,0.6605127509072045,0.24913225589218224,0.443698952212158,0.4253298859790817,Afraid,sub-04
-0.09574714129662133,-0.08995711835090497,0.08964680434677998,-0.1521148826802412,0.0036574392170141135,-0.08671196957460736,0.020532940090787367,0.018673710648172186,0.07112721496891707,-0.26559993484366523,-0.0600078191852503,Calm,sub-04
-0.07793339145446078,0.04323965319201721,0.3149529312020212,0.07279662968727098,-0.03870129963097278,-0.18967506766528633,0.26850788313855783,0.10206698393813439,0.06743002497711974,0.08572554484935184,0.05543992044186855,Delighted,sub-04
-0.08488557286898386,0.17030744244243518,-0.02746531239068478,0.08508423288324723,-0.12029420110870459,-0.20879695536578927,0.04478546204249807,-0.1698677919999292,0.0027900849123144804,0.14116892096396247,0.028334510257624523,Depressed,sub-04
-0.3762365882393501,0.028778135242004774,0.12312118169356684,0.02256718294944255,-0.3344429541099263,-0.459341782155876,0.0007358698552735521,-0.2718729706888047,-0.031726750039232185,0.2310537056256443,-0.09475169269829713,Excited,sub-04
-0.04117862556152522,-0.15639155992816475,0.26694678176036873,0.09935641654654909,0.10143596509512141,-0.0070196901529220685,0.22512799476220163,0.16647949596770475,0.050766733302089764,0.1390535080415692,0.015420897852642135,Afraid,sub-05
-0.09394539170579332,0.20373435981665336,-0.03581313163803763,0.06278977738656515,0.05744759914137495,0.4189609008785842,-0.18101270936745245,-0.26720424310240165,-0.07529488304515636,0.028328267598517753,0.053814892694219664,Calm,sub-05
0.49714166919025116,0.09673363006457891,0.30676398769659463,0.3060846960908316,0.2170457632179187,-0.05059960418200337,0.5424628325920311,0.610059718694468,0.11455988218328861,0.3707728208630477,0.27342972628475765,Delighted,sub-05
0.44719601230209594,0.1465466919323291,0.3014279977366085,0.24980419299444845,0.2651205891829168,0.26787755386088885,0.3203999243825926,0.4791126266052487,0.2145988884772943,0.3097567257566722,0.2732903661511239,Depressed,sub-05
-0.5336968949130413,-0.017215363372221494,0.536422963727204,-0.2204690623665094,-0.25681720106959377,-0.1666810630843737,0.0291080111288873,-0.09419443366231993,-0.19344619860303264,-0.2001953777614273,-0.10712850604497463,Excited,sub-05
0.08803291507357004,0.13686597438405093,0.4429788682410851,0.030411852367608835,0.03938533323164702,-0.2029344426909611,0.40683390097530003,0.31520422833401757,0.09906567287679319,0.022072334390426846,0.1467664467881139,Afraid,sub-06
0.14499059414751894,0.038931224981725195,-0.29454778457524844,-0.21193184611878774,0.3380781753907975,0.3664935618000493,0.12474903185723854,-0.0974864059264109,0.4879076076633167,-0.2230015637665592,0.0032395191071058643,Calm,sub-06
-0.01925821836361283,0.2940065070450851,-0.19625155448056375,0.19860254789164625,0.16722590917603328,0.4512029001141022,-0.27917319924171896,-0.15852228506724672,0.2001580138229778,0.08541783437409974,0.10875876262544575,Delighted,sub-06
-0.04168030594196673,-0.036553695240796255,-0.12890802279011748,-0.07788209363063103,0.05202351438019143,0.24872965240639333,-0.23536427034126534,-0.1160498853598736,0.041194761100478615,-0.09346850157211885,-0.04893684664705036,Depressed,sub-06
0.140398820300616,-0.0642118583330201,0.5748458689255954,0.4666819692523683,-0.146906568578239,-0.262916212531905,0.14230078630952414,0.21568065376986226,-0.24067631080503368,0.42741921452441844,0.16733317588053645,Excited,sub-06
0.08758222325035048,0.4137452094874973,0.22170264660890146,0.07316382396185384,0.2544777459457594,0.2528848127207119,0.20385760458085525,0.10657116842922121,0.2617506774392035,0.03934220594743015,0.23032043413139403,Afraid,sub-07
-0.40642086182205,0.13198548142637923,-0.27563748163978063,0.3353673241877606,-0.19072007120348042,-0.4153002431983537,0.04181197197879398,-0.3846268223166249,-0.03907021036457623,0.27545556944631144,-0.06577768636424804,Calm,sub-07
0.050517594387979176,0.40105420125772806,0.7569902540106366,0.6263688132204231,0.14578460622066747,0.09497744880609255,0.3543308100179785,0.28345243052962366,-0.16900295819915725,0.6447594344519766,0.3856893069230452,Delighted,sub-07
0.28437742398679267,0.10604150868726732,0.5372274975940745,0.19748757404391887,0.010247759629054784,0.10722213755751674,0.026804813665199313,0.4226624816743785,-0.15647861656648393,0.21825274132872755,0.2220412796883751,Depressed,sub-07
0.4255274749710711,0.16521682450067232,0.17469605283710746,0.1385650889463677,0.05267200141925032,0.3666165999239423,-0.2113513466616948,0.2864987730636421,-0.03699239249724016,0.025059059880964882,0.20794116114531605,Excited,sub-07
-0.013152305435888053,0.08470541329268011,0.42404320583136185,0.4321559512748707,0.08916828932644895,-0.13446402550163786,0.407111136638931,0.28289483897406187,-0.06937001660476222,0.45836934336758994,0.17730226734174973,Afraid,sub-08
0.40954564568968477,0.313134446576255,0.5995704973260881,0.41586252021745407,0.2865566025805738,0.41534674950402284,0.3112197439938954,0.6189027178796568,0.05452218514645464,0.41130325358769726,0.3967671366054612,Calm,sub-08
0.2184953743330068,0.19664606475292648,0.4761831682642637,0.4027914581630029,0.33758126976788394,0.16516582127262558,0.5016944211576473,0.42593933126797284,0.17907314379834433,0.40875156124223083,0.30021718164546685,Delighted,sub-08
0.1793661222330979,0.18776433770917614,-0.0223391634285844,0.19914911564877472,0.2364355828444701,0.33445929765836874,0.1175921082602881,-0.044343459322144216,0.332620548103126,0.19796266086393333,0.15880386510479294,Depressed,sub-08
-0.0481478969312815,-0.06800305294374717,0.2526344449243474,0.3001624166729751,-0.21452103830152933,-0.14799332918437832,-0.061781984805483824,0.01368499706288093,-0.2400389800465196,0.34891265817253986,0.033032833386856246,Excited,sub-08
-0.09860474034120519,0.3804858280475104,-0.30179234123548215,0.07912429929885781,0.2928134676814906,0.2708094841584046,0.1065778673235928,-0.2376819508186084,0.2908014120910824,-0.002384029913989972,0.0957952447407364,Afraid,sub-09
-0.09572458729194491,-0.0005947278752829003,0.04500821972374136,-0.04917951386751949,-0.063738900589296,-0.11751224096586947,0.011184092968980139,0.0011747064663548332,0.020973563367890954,0.010350957022520351,-0.03078531531305498,Calm,sub-09
-0.2125485187907558,-0.30843847507608235,-0.04793877576393528,-0.1957047274842362,-0.35954294561181555,-0.6057718619358674,-0.2026882463151612,-0.01254981674250531,-0.17198133424271828,-0.10788042289810805,-0.23064617776032947,Delighted,sub-09
-0.06521778054685388,-0.22496956335439328,0.016078319493885357,-0.31979161797062206,-0.052000594376432833,-0.18593055167898798,-0.022835954741394902,0.005867644987097187,-0.17218997658237417,-0.28650326428049716,-0.14236768730007882,Depressed,sub-09
0.1449712507865116,-0.1161298611565749,0.15429550020945715,0.1094172271472017,0.014494933052735156,0.2708650815987086,0.025978818744002697,0.08374136969352035,-0.060251488121979516,0.10395078943351826,0.04269598455151428,Excited,sub-09
0.2772552037882015,0.39063039685296214,0.10522899449784012,0.014807417337357697,0.24177204234358793,0.41312681164726534,0.05697177541026185,0.35530822519114025,0.18474072075970455,0.027936806306344597,0.23583722381682834,Afraid,sub-10
-0.0014141326545187003,0.2574204210208393,-0.3259224320604317,-0.35763456486814044,0.17349010282020058,0.4114634621296311,-0.1942079412559818,-0.1275449089545143,0.10850352922136941,-0.42384145087623093,-0.012120093799885235,Calm,sub-10
0.4079103873101287,0.31833728673202455,0.3402797188824621,0.5055237393005575,0.2029362145978358,0.08563631088037271,0.31373589584122474,0.3394654843796877,0.1459354094502702,0.5273185570353504,0.3592941357175616,Delighted,sub-10
-0.061658930950988046,-0.03460412777977022,0.026804452019739158,0.12699196267104557,-0.30995659915650964,-0.36908641299728623,-0.15765194593750617,-0.04285511602966084,-0.09647340038269163,0.1430144043555992,-0.03805580072021255,Depressed,sub-10
0.04972071784070448,0.041246220004451224,0.07298244384993721,0.7373738188268898,0.012403890762388514,-0.04344028686382393,0.03147243269680979,0.07516693862078998,0.10837471984984678,0.777369967770837,0.16089363838132217,Excited,sub-10
-0.13989592996446457,0.16805632253194572,0.13247269688019506,0.2130697373269175,-0.13718211336656208,-0.20517847010225876,0.03648710287629493,-0.03172899487325035,-0.13235598421677236,0.08979556262969035,0.06090075837140841,Afraid,sub-11
0.046807053324223684,-0.019465206080279757,0.26499690448995944,0.23002981975123643,0.36660833093114803,0.3426698131035357,0.32258345832573976,0.1848675331151737,0.16091791587311993,0.2570453729761664,0.13297423489330665,Calm,sub-11
0.5686452726718686,0.031692136195169536,0.7674079111818769,0.33583825598608663,0.3031484062779273,0.3804960380673273,0.5035106957396407,0.7896293721861927,0.21957952648996923,0.3170458168153781,0.36198624619436187,Delighted,sub-11
0.21880527049230425,0.053473615349651074,0.30164110062578703,0.023464756472223163,0.08396067667258922,0.07464751717864743,0.2134895127646216,0.3656132004685643,-0.060935580402273204,0.0681159779816255,0.13153277338499436,Depressed,sub-11
0.1452858663036981,0.11729491392899496,0.7393966671468988,0.26500386564981904,0.1431889300721368,0.12084965745766353,0.511866612263052,0.5293412145730001,0.10272724585436252,0.2866870687412422,0.2552480433558785,Excited,sub-11
0.046287089556309675,0.10063322381335225,0.37918563358351015,0.06708366713359135,-0.05345746468021828,-0.5114113606165528,0.4054781407882623,0.3667758625903038,0.11846737332935017,0.16810625087327138,0.10975137416614984,Afraid,sub-12
0.05524264209728638,-0.3010474322240873,-0.16080912084507373,-0.29995438753495535,-0.03041428853890178,0.03594426978799389,-0.16234426050347003,-0.15484397849068232,0.030922350569282848,-0.21120406934301497,-0.16201325455343338,Calm,sub-12
0.42944006960323056,0.1703346129868736,0.2963359784497107,0.35857213911950536,0.18240056868118604,0.39658833685844147,0.20332415434146642,0.45413990758661643,0.048537336271929424,0.27085219153872014,0.2835943398558226,Delighted,sub-12
-0.18144251807562253,-0.14735085337901044,-0.41702006170090694,-0.3958579346846388,-0.12199186036118831,0.4178039835162086,-0.6169830446289433,-0.31939107408959266,-0.32103355018198687,-0.5286069185005045,-0.23835636734934373,Depressed,sub-12
0.044674066936695705,0.09434719998272466,-0.2037796793450567,0.38130094193071823,-0.1088179148842594,0.024616646411640335,0.004169636583623149,-0.0953566790782403,-0.054192739766761054,0.32557588925636477,0.055705944738005386,Excited,sub-12
-0.04995106218655663,0.3426970755888626,-0.02360180515674544,-0.07168143748724502,0.1228016830843554,0.16568536025186886,0.05207947062872385,-0.06765182469758478,0.1045203107548726,-0.10057196914612587,0.09511538764864635,Afraid,sub-13
-0.03573321849509203,0.06506933966356489,-0.27225139196515197,0.13941489782911365,-0.07295857248396283,-0.07139188301185957,-0.0740876457193942,-0.2698508877874327,0.09607921402384988,0.09024383088473,-0.019113931176762966,Calm,sub-13
0.0677422156598405,0.17540786510707038,-0.16817949246137695,-0.2521166812658782,0.03755584389348038,0.1722649330182807,-0.20958089961317633,-0.13160935033439222,0.16803119238399106,-0.23549478184263817,0.004984333800148796,Delighted,sub-13
0.17820677078261155,0.08234251880010911,-0.02496623253889582,0.06163362562974593,-0.018572929307370686,0.14959487088611723,-0.17969092447841678,0.014162946283633768,0.1133416258540326,0.05118988895810923,0.07036070478110294,Depressed,sub-13
0.18763654442825378,-0.03471822641039229,0.5514090748782009,0.5292867987552081,-0.11599200893670758,-0.3008443531333839,0.3209293685769699,0.5435711777549547,-0.2712193558532154,0.5920857300647401,0.1977675735000403,Excited,sub-13
0.5414976808091884,-0.37408993450672995,0.30205535869236366,0.044755401462418874,0.7635996625405497,1.0250487478776877,0.25393664205477523,0.4628992942047351,0.5052483970671228,-0.025626641096843972,0.1604418651621184,Afraid,sub-14
-0.12036510375621529,0.46030380446902835,-0.34700861351165363,0.11526182397475841,0.062093410111076885,-0.024632229505210535,0.06412352673306893,-0.37101851285155335,0.16842012524269007,0.12065309119347382,0.08539848062684074,Calm,sub-14
-0.25686331209263563,0.5194051284834631,0.18738044767147294,0.2332815960455367,-0.2316866864242849,-0.3384888453243875,0.09512615355829704,-0.08002853859773551,-0.2557920440621283,0.2927215045010799,0.14459909844631924,Delighted,sub-14
-0.5173511116307404,0.3158646795046132,-0.08628140500075004,0.17475160706184767,-0.5252433339505305,-0.7349716028987446,-0.054790978543942936,-0.27489635207811103,-0.44466470410669834,0.2288940586918804,-0.07076230047048639,Depressed,sub-14
0.2506548362452316,-0.2546005338533799,0.05258723789598892,-0.014270643708685898,0.17144625730633112,0.2872374511335382,-0.21022490102743366,0.1301857625852047,0.12351484819676531,0.011993462605920768,0.005695947671526276,Excited,sub-14
0.09619624871636888,-0.20992312171575256,0.2888558629886268,0.30813790825830056,-0.07260451790021366,0.08313060078976854,0.0009337806545137862,0.2305707270508354,0.055392867588782646,0.2603741925444371,0.04686739526495637,Afraid,sub-15
0.13746261523017153,-0.34398871469266923,-0.009959351786256914,0.0685424035569234,0.14195918696218954,0.35195638106351096,-0.07835878690431713,0.03223781461321666,0.03546958878605616,-0.008589371231226653,-0.048485883685826736,Calm,sub-15
0.1828562980535106,0.6429133854786542,0.00997604867103875,0.005937198144442463,0.26095962088686386,0.19445563902450644,0.09895125041516398,0.06569184373766486,0.2069131696198833,-0.0745699498478828,0.27808716167944714,Delighted,sub-15
0.14619858690683138,0.5017234814855783,-0.17036947874618055,-0.05683127071134028,0.3234981964292068,0.23910678846415334,0.1705580831878418,-0.029755896299191915,0.3289235140203233,-0.04760470631232582,0.19286291377445616,Depressed,sub-15
0.009563902385910827,-0.007866683838514217,0.3984070138835314,0.40992434341096107,-0.2366516778255355,-0.3319295451647161,-0.003872067537175844,0.15612166749299417,-0.2598358866563629,0.42517301578492495,0.10487382208479236,Excited,sub-15
0.39373931790062894,-0.004646307248116854,0.47813905833942105,0.2643908285881802,0.34956794254736273,0.45477181856895904,0.3040387990332852,0.7379712437147091,0.3386821726759006,0.24563732742442088,0.25623092997687813,Afraid,sub-16
0.2753041455498783,0.5988497799443543,0.4546343731098344,0.5319551283912547,0.6851607915034285,0.6462510005054821,0.5473657679185986,0.327287201726373,0.6698977471766798,0.587471981849461,0.5003077721092345,Calm,sub-16
0.02467376248945604,-0.143664984471124,0.483495836384687,0.17279435044054353,0.11961486849638309,0.468803661049038,0.1589193538119958,0.35307878241974916,-0.15706701257678687,0.1840972318332373,0.0850926526228604,Delighted,sub-16
0.02461980060142538,-0.13816834230848304,0.11600278979973813,-0.01058444495060944,-0.19122237689374147,-0.2793491811954419,-0.0024446344822702804,0.11280229404464971,-0.20598325540941068,-0.10139353871119283,-0.04386864230377054,Depressed,sub-16
-0.02931383613107964,0.09292296332389302,0.2226446071702991,0.036004149751703594,-0.014024752264748752,-0.3486253514103055,0.5678367508985391,-0.03791634017283555,-0.02710788793472028,0.02469639673336746,0.06367570404591767,Excited,sub-16
0.33568268396612716,0.5584000457683591,0.34735756267545936,-0.05993618926148917,0.4771619533940111,0.2747244514317517,0.4955355500018923,0.26457317995409924,0.4627655114266587,-0.08100823641458474,0.3589761024547628,Afraid,sub-17
-0.07724233397346911,-0.46848024900371116,-0.13248260810155527,-0.1639894347083094,-0.22222754755070473,0.0669979048090563,-0.32598350931120323,-0.14789001200234247,-0.30677110333938723,-0.1981123871783523,-0.24129189659472858,Calm,sub-17
0.23972216698369672,0.260313880607755,-0.2056138081143502,0.13296233667096902,0.1260726236677191,0.34108156241867316,-0.21551028151889992,0.0032856157457233754,0.15137574256377864,0.1787392622493176,0.1399349170082553,Delighted,sub-17
0.20676562938918003,0.3491852143510958,0.06522205233131648,0.04621906350279564,0.17187510161193362,0.24005930809834186,-0.014945327812569641,0.10175270292422788,0.08529162212066783,0.05343571002059514,0.19656207656024827,Depressed,sub-17
-0.4807728823125608,0.0084523090693479,0.26155382375684977,0.38345121983941444,-0.36205911868978996,-0.5438434518934948,0.038225180591394924,-0.07905617249259052,-0.41308037609675524,0.3310893950002718,-0.04529232151597037,Excited,sub-17
-0.05812767611704515,0.1530758681123401,0.05798263410673424,0.15029462053503884,-0.21600327526758437,-0.3622323396200462,0.01973654122016518,0.10519731128528789,-0.13473497019201458,0.26796316488943434,0.042227749373464234,Afraid,sub-18
-0.41349825477220886,0.027013675279519665,0.11496931081874823,0.08747093791983065,-0.3257018655428599,-0.6004016884427353,0.06345656170510744,-0.19066275205879993,-0.370715160308367,0.17081292040172713,-0.09329093493020897,Calm,sub-18
0.12369001487078313,-0.06612422613908159,-0.158669883341995,0.25097780736761577,-0.0112119336527714,0.27354831102420957,-0.2357354173349071,0.05286931698913804,-0.10880346546903749,0.010233706426935127,0.021664970037098514,Delighted,sub-18
0.7121009192434424,0.23259110398181884,-0.30364919297351267,-0.285019523364477,0.6771745741158517,0.9333884416449055,-0.013048057258380142,0.129312637490668,0.7976275001166311,-0.4080820063566426,0.22240988302909045,Depressed,sub-18
-0.05554301970687891,-0.08431447530976449,0.17768048339955472,0.10625511196283167,0.018798674592711003,-0.06108255454914393,0.14652447767538,0.017966410288382192,0.005134933704269229,0.1967469826295671,0.010595551334025453,Excited,sub-18
-0.16024747461220787,-0.14611938120949614,0.23196489893251407,0.18635848490116086,-0.10437777670950225,-0.26521581804745814,0.1731083419431978,-0.0075544246178435815,-0.12927498827513634,0.1652795329280223,-0.02571234434300713,Afraid,sub-19
-0.28279670175753197,-0.39097819999804373,0.6047949800542428,0.19491989080511057,-0.08182997821223897,-0.6688117696614663,0.6166971020922268,-0.037991034135794334,-0.15899373453955984,0.2824897406865319,-0.0639312004521274,Calm,sub-19
0.12116134417305367,0.12413228333777111,0.3406023098859665,0.38847307740355175,-0.22568222626234122,-0.2851022583835001,-0.016676502649786477,0.2997901068725511,-0.14443253755725635,0.36422665201756427,0.15985976618150533,Delighted,sub-19
0.07863111795846245,0.25165574105729965,-0.32637683669315165,-0.036700053047944804,0.1224660921410084,0.2810965909911995,-0.16358450010688913,0.05494990992050835,0.21056204196424028,-0.09305173055178745,0.05145749683999711,Depressed,sub-19
0.29568097818959893,0.052837883008562854,-0.13067362541083968,0.4942404459537042,0.10480997820095839,0.44013655406687574,-0.17518163894245475,0.03901823214697897,0.15650030405381748,0.5112227324634152,0.15796777997422287,Excited,sub-19
0.30850449994839807,0.041098013812984883,0.29842333285977246,0.32360877978651953,0.2898172790192051,0.40942522866207504,0.22917446993734378,0.4218513157543925,0.1382892147224108,0.2676514883226723,0.22344125587318162,Afraid,sub-20
0.051803591580059385,-0.1410746447621493,-0.6747532597807544,-0.34162897801664344,0.008570524145512534,-0.05480457281422555,-0.18240157308289828,-0.4309225656012344,0.29523487230853296,-0.2914208036612581,-0.20053989419911858,Calm,sub-20
0.0009753674986934423,0.6270897386061153,0.30838374212577996,0.03877947287892786,0.21181560558705956,0.04618839409469283,0.4144846558040962,0.058832056141469566,0.1354432933786752,0.10156197018257591,0.28052655156536205,Delighted,sub-20
-0.052899931564103664,0.2516291588388926,0.26622564952443795,-0.13674320458841202,-0.15635315702482724,-0.30837838985482,0.08899848609530311,0.2072953413165528,-0.1060425601425515,-0.09855867966839871,0.06854747401494775,Depressed,sub-20
0.3205668926808809,-0.002285991683166814,0.36124292696996024,0.25933101932778296,0.3532078966459716,0.704008794361891,0.07561681606852075,0.29442219295811817,0.26949257069085764,0.11877758185056324,0.22032885196874918,Excited,sub-20
0.30220533194997007,0.4164374701814708,-0.07823274523430625,-0.1324606304985545,0.5544100040078925,0.5995096510987474,0.12473529109167517,-0.14239012156260197,0.5381527574409823,-0.11645374380520239,0.23357778588242084,Afraid,sub-21
0.24522003146014051,0.17514601403671556,-0.03669940700084174,0.18934911285110634,0.13495124342176026,0.19521364338751615,0.03069839464526502,0.06276799044496345,0.20183671828999064,0.2338398178221914,0.15323990966551995,Calm,sub-21
-0.24178235014612828,-0.20633876989963174,0.38583937786867284,-0.36924854703070326,-0.3438627813174244,-0.49890067132996796,0.0011294251884530315,0.13423276619194768,-0.08518138093186778,-0.3565457074510521,-0.16010703002713908,Delighted,sub-21
-0.3005774158692037,-0.481284321522226,0.462573322037871,-0.11764790426909874,-0.5278772310458809,-0.8303480748634481,0.07086468131376414,0.293792948634556,-0.37099431810672673,-0.11221826855341581,-0.22778075919832794,Depressed,sub-21
0.1805480655356773,0.27883350055059675,0.2661544739352898,0.47526762953986446,0.3430984098277603,0.3960695221003796,0.3982404814819286,0.16494964709020982,-0.08686233060963808,0.4405335226931542,0.29496871908164995,Excited,sub-21
0.5832916878737224,0.020027820100070693,0.5706836886662312,0.013129356318038098,0.6192993544255422,0.9426785084379855,0.2991177723832624,0.5593830594046713,0.5621005496692216,0.10421872598223943,0.31464429905290453,Afraid,sub-22
0.40383965725555754,-0.18480116483797834,0.3202081660301445,0.031722760405778885,0.396232768065713,0.414121333403342,0.4308853110025067,0.34171648367354657,0.0796383553455328,0.05050602100997198,0.1429804745233984,Calm,sub-22
0.0276097361623991,-0.1281267770472772,0.47750199935412413,0.1836626920981867,0.0726575673463787,0.008845948184042537,0.4070685822616736,0.4321069113436647,-0.0737771182392198,0.22915971330008975,0.0855639245369581,Delighted,sub-22
-0.11973687737638011,0.17254928671279723,0.11275008100646491,0.10650354583517782,-0.028654367114739617,-0.044631845227297566,0.09188944232941064,0.15709974482090236,-0.22248793853862522,0.043176822581664366,0.05944242628326002,Depressed,sub-22
-0.5933559834247493,0.03855656191129359,0.13045482195642705,-0.05868400180351524,-0.2521222806778427,-0.356326449169409,0.0405299977727102,-0.22373787800344755,-0.21108940934176518,-0.047418196787661814,-0.14348196899680415,Excited,sub-22
-0.2768834867842912,0.07222805223629528,0.3429976627784554,0.28746840187373074,-0.4098165603959196,-0.6086575939872275,0.12403087655681419,0.10485469037821896,-0.5337646096481492,0.3666488033216691,0.012969407994983279,Afraid,sub-23
-0.08696376674641987,0.018932177218521466,0.10441033412770602,0.12720641280066675,-0.2114345703878652,-0.2645443584737218,0.038284754532122135,0.1675514712903056,-0.23771600317696334,0.18019464174268232,-0.0018394213090209578,Calm,sub-23
0.2409205871254635,0.394434454247665,0.031660280770653644,0.10093196994035673,0.4860857947626938,0.2639285880453211,0.54445086421298,0.1278504502419261,0.5018056419938655,0.09136403536287684,0.2613311676324858,Delighted,sub-23
0.04119382776321198,-0.07655798215445513,0.02491873277525704,0.06935276361734215,0.1373929000972712,0.1696680723385203,0.08809049554896613,0.022541591642676967,-0.009950743488422403,0.07628905504285326,0.01840191135006095,Depressed,sub-23
0.5139386035506942,0.2009395037499003,-0.09756630067179448,0.13160785449801818,0.6187311521836351,0.7347432730239299,0.22221904886855742,0.016912025532653203,0.6762729812878856,0.09160692419794858,0.2635861778962029,Excited,sub-23
-0.11423918994828884,-0.294681051485688,0.09082028262572345,-0.024842920976370343,-0.09724187019148878,-0.22250803264114907,0.07950772162029027,0.12517186527436294,-0.0977855901242715,-0.022691654197789544,-0.11942664978480427,Afraid,sub-24
0.28303558200996776,-0.03736958365855555,0.019883003594037635,-0.1875982748590505,0.2934694995876293,0.5309568853702026,0.016229228226568672,0.1392102073607011,0.06864995505407759,-0.14724673482419687,0.061915468221603855,Calm,sub-24
-0.05458104103655403,0.12127595738590001,-0.08496060364313465,0.026220137763365535,-0.1828029497057664,-0.4422894152507122,0.01809288129349653,-0.029712777847103373,0.13447231091408124,-0.015424463808973535,-0.0072498649142988736,Delighted,sub-24
-0.010573790813932145,0.09049694063273345,0.1271273938174883,-0.17062772866051096,-0.019947367547652528,-0.18097358991494938,0.056859013328894384,0.08417623032024123,-0.000810412296804608,-0.17693841648227723,0.01611365680224274,Depressed,sub-24
-0.2581271022472543,-0.1126637674840004,0.24095198269855728,0.362610389771078,-0.1496910196954938,-0.36528655029877827,0.18369626245947965,-0.15036283809214757,-0.1562849915496359,0.3428131035399371,-0.012479203654076754,Excited,sub-24
-0.04433974566895418,0.3141723955444361,0.017198477201389062,-0.06095246561515991,0.26880722118982564,0.10070889722721627,0.2777998407804513,-0.060262968595037866,0.17619289801655175,-0.02270479828574057,0.11432625313826733,Afraid,sub-25
0.13027214060389258,0.3407299305495332,-0.6478721070700972,-0.0848153440849784,0.21052717816797797,0.3707402554852591,-0.1472423891456913,-0.37286447441863874,0.6083598470547507,-0.10470467277236484,0.040533457596939174,Calm,sub-25
0.25720293517545295,-0.03120735612753435,-0.042820939266277835,-0.10473044708058202,0.2062300173578185,0.1547251922781786,0.09290381372491328,0.15699064048491687,0.059325677424690325,-0.10829392177152686,0.05037689496643747,Delighted,sub-25
0.004388113759524913,-0.43739629432756233,0.13214982210000994,-0.043497311143852344,-0.29687406286863927,-0.16761197494654745,-0.21650335102208693,0.2065668233431376,-0.4505680714019288,-0.05681544594490303,-0.15801457194002574,Depressed,sub-25
0.35191410148796404,0.03578529031664877,0.6706143340673124,0.14711738060117707,0.2279036467329366,0.09687813946818956,0.421778041252541,0.7002234833927625,-0.11472234784517177,0.1475401046311339,0.25660645976797647,Excited,sub-25
0.4337914016804655,0.27073914677746586,0.29599015964410896,0.21138723619118038,0.3950757348809915,0.38810423276574996,0.33108628116389527,0.27033739710971944,0.3388347385955809,0.14101526382797291,0.31796387908573687,Afraid,sub-26
0.8235084129758014,0.7159052393803826,0.11637449188593507,0.2538208303643787,1.112129539511062,0.9388022824184654,0.9118192735162228,0.5513655584657192,1.0463384766221224,0.24477182724841517,0.6131564780939258,Calm,sub-26
0.11613598813274888,0.2166317347401091,0.31573459878869914,0.466494645903373,-0.11543205776213424,0.05332944901795034,-0.08962770079976926,0.15093645889463084,-0.08698343047203913,0.3964562229068354,0.21025444794845094,Delighted,sub-26
-0.007476891423822119,0.014935029629468759,0.23537820138922128,0.15189902326042415,-0.1245999415312795,-0.025640215868013797,-0.07308515013952879,0.05664308419428007,-0.05810319504333598,0.14201006201652241,0.051924953891447384,Depressed,sub-26
-0.23135779393855174,-0.028028369254326703,0.09459326509708679,0.4424835636719017,-0.21617627632066835,-0.47043085208517726,0.030162423340259446,-0.37143628872135076,-0.23650110139987865,0.3956860760626066,0.0007124104185193547,Excited,sub-26
0.23017983249363227,-0.12770833732871756,0.9000309254538318,0.5493069991715208,-0.03559239456581127,-0.0013660595885720643,0.3849707507193774,0.810611220403372,-0.48615827880415985,0.6042367205464027,0.24994796098139882,Afraid,sub-27
0.15897821650706276,0.187538407922114,0.1638728069986347,0.26431706378850794,0.3756128811222373,0.45995264383937395,0.2292288408001904,0.10934330074078469,0.3418810316727876,0.2627425510784043,0.21335484902999927,Calm,sub-27
0.3359684306178296,0.18827854774604155,0.5564440342999228,0.483297363630088,0.09050446128389007,-0.004610682908698205,0.32495722625529255,0.6768953465999633,-0.18570701250138644,0.3999746398581477,0.32043310216937865,Delighted,sub-27
-0.03439098404107698,0.36506790153157154,-0.575504929190248,-0.13712687874369425,-0.06188069828158472,-0.06058079782699224,-0.3423377766979797,-0.4933530903766411,0.28116494128810243,-0.2791935716101562,-0.020304603221652524,Depressed,sub-27
0.378911299175714,0.6664776466246198,-0.06920257937653612,0.38331206758327047,0.4749306524436461,0.594853640749468,0.15172513260777548,0.03585532450323705,0.49296611492381875,0.25370279776935023,0.406826016887873,Excited,sub-27
0.006431758967368801,0.0015277101301799866,0.10817556762323752,0.053479819932718525,-0.03187908447386947,-0.18350592219856812,0.11170532535249325,0.10333907391974555,-0.0134914526227559,0.09729343566017574,0.02490903321246224,Afraid,sub-28
-0.08965361019905012,-0.39363065984491785,1.0185490239826298,0.5924840156245991,-0.11382228429380796,-0.9263295383483475,0.9561607979927755,0.6107364841763383,-0.3569022882277132,0.6254633996298765,0.11072252085899299,Calm,sub-28
0.18862470288474228,0.371067772106307,-0.6802440092060476,-0.3308745265311528,0.49133403406815185,1.0007983420413245,-0.4349548371433549,-0.39911245862003975,0.5568905832727898,-0.4376164058005434,0.05208217149662667,Delighted,sub-28
0.045736315022603356,0.4301593244015475,-0.6854648219509641,-0.22218334558924346,0.22575690486922492,0.6901944133473878,-0.45962068989676236,-0.3644365593446825,0.39547880632837396,-0.29307480038042244,0.02185094625344872,Depressed,sub-28
-0.007544007446625509,0.18712828188819447,-0.1692006698403612,0.40519430482778673,-0.18345804611218827,-0.046125867550702575,-0.2789281149253324,-0.11062284928945708,-0.0028987105367227262,0.3393383144597377,0.07314876978408981,Excited,sub-28
-0.12259166320459629,-0.13845809566771708,-0.009763805262837724,0.1851738949789446,-0.1406732169429918,0.03605926445987326,-0.2545642726251175,-0.09151073632898796,-0.16864309699379063,0.22312644010121505,-0.05971121487907107,Afraid,sub-29
0.6929716970569791,0.4272631492183225,-0.25026412366903655,0.3077751341808749,0.6811048836797283,1.0119906814375643,0.07443308899310316,0.26052312776434394,0.7044380090237425,0.27393460675635567,0.3870490269182225,Calm,sub-29
-0.06705642610279111,-0.10262136712367269,0.14729457241054492,-0.14936495797450688,-0.0008258861225232944,-0.09055507573621652,0.08948914832613014,0.14557159662354555,-0.03928857636770831,-0.16619256026985604,-0.047884574900679766,Delighted,sub-29
0.03106713767026262,0.11071570563881253,0.0594687971393629,0.050449745701087144,0.05522098222301863,-0.11018472486347153,0.09906207390220807,0.07549301867987335,0.04938350104394283,-0.0006748025008252858,0.06694059031284975,Depressed,sub-29
-0.06415129094492994,0.1040881309387097,0.13346101733665378,-0.08234574963219024,-0.07556030974292638,-0.010202078623327065,-0.04101138097801063,0.009461591245495964,-0.11890115679396909,-0.053247987926938044,0.01690037597634512,Excited,sub-29
0.18342365444240316,0.41641511793151553,0.462071562883794,0.19076335701204883,0.47966950201433445,0.8442466573202502,0.2140357199033324,0.22875947894087742,0.27723808408384043,0.21886055417950986,0.3409288195644149,Afraid,sub-30
0.09101628232333536,0.09528516249465628,0.0173688128701662,0.10209185777059199,-0.06188139654072025,-0.032534323528856705,-0.017111176590588646,0.057892436531410865,-0.18129657408730657,0.07833928052641236,0.06280944851788078,Calm,sub-30
0.09814498913825044,-0.32243994144151217,-0.1846973179980218,-0.2257082019901258,-0.13278075465464023,-0.24533730938114362,-0.15376170724638927,0.0357668230629473,0.1640419246430929,-0.20237319870128523,-0.1632694360194781,Delighted,sub-30
-0.00793255204702269,-0.25046613437116716,-0.15889022703770206,-0.4534305096216953,-0.14613431067746338,-0.041866724734112036,-0.349647974151417,0.06680685292839497,-0.14368022629421173,-0.48378433030731877,-0.20040878844634824,Depressed,sub-30
0.012618274168275984,0.07495554306742287,0.31010712958375064,0.4133339157357343,-0.07599569625263242,-0.08972909929529173,0.23670781343277056,0.1776363824112422,0.06466249807801179,0.46052288441798633,0.13738934056046798,Excited,sub-30
0.057819813754400574,0.2138332772487683,-0.08953313489715997,-0.15428931784529118,0.1208286292110285,0.13168282678461937,0.037233663942333295,-0.06294418169110245,0.2073001965564008,-0.16821047892386487,0.05453977631992694,Afraid,sub-31
-0.006038665510598537,-0.0914910848011756,-0.14517230472971163,-0.17945875869931047,0.006250853198775337,0.0652094446735168,-0.0741969704566959,-0.11633791504014622,0.008554867566272733,-0.17200619557085609,-0.08329864543486963,Calm,sub-31
0.25962282361413086,-0.11405955266982458,0.7078257925711228,0.5199282323545213,-0.06620752092856463,-0.2940238139818086,0.43607356036441314,0.7143121424746528,-0.37510956297078296,0.507789579352864,0.2202030175737882,Delighted,sub-31
0.03594160711714882,0.06936372856131208,-0.06826975028065001,-0.18788817542694117,0.11434701929068043,-0.004903507437946694,0.0684497049115689,-0.0599138895096975,0.08837326673584421,-0.1596285684304596,0.001513173266493156,Depressed,sub-31
0.0005412043348931102,0.4627622750028663,0.10330883247741315,0.2758959503232659,0.02983328848627738,0.19601332610603414,-0.0166369347670726,0.03828882412068171,0.08763128239195206,0.218420896085076,0.2116671951260399,Excited,sub-31
-0.08637010898796184,-0.2322245523350123,0.0070356179255434415,0.12012973718699063,-0.24665019692419765,-0.3572809831321286,0.24597334131617643,0.18612320929725262,-0.35017808842392384,0.11854605352695813,-0.10200037134453495,Afraid,sub-32
-0.12949332489257487,-0.18703374358732566,-0.20000777654494106,0.14562549299054897,-0.34339647264420464,-0.47262612950231686,-0.03842236277335076,-0.12925589297681944,-0.4396389253683676,0.20222935581050763,-0.14011187149851193,Calm,sub-32
0.013769926130989617,0.021297748222963556,-0.0905283166842395,0.2899969714753018,-0.013027878004932214,0.1834327762737872,-0.06835559602047585,-0.11519356685746766,-0.2651425447582845,0.23876952676775606,0.04142744543925508,Delighted,sub-32
0.13846065751298814,0.4837929976767515,0.47474793506339796,-0.00460070726966471,0.6597015016486303,0.8683720888086809,0.09282929071843773,0.22094620095733594,0.6308439410235296,0.01881670294244533,0.34373643812574556,Depressed,sub-32
0.029317128927606014,-0.23083982900971986,0.08564243376406029,0.06375007504441665,-0.08274383252655905,-0.148558403812196,0.03992834061839217,0.018382307012690113,-0.1774402165006555,0.008547483499694532,-0.050863165450701464,Excited,sub-32
-0.3743340023760876,-0.09636688948604938,0.11099609361377714,-0.07384794247092497,-0.2572640211529494,-0.37412287483959616,-0.15592462252347283,-0.21601919497912783,-0.20319482465654454,-0.032866718492341955,-0.1418661726292205,Afraid,sub-33
-0.14526509566776824,-0.08362017100654297,0.17657623600698763,0.17828867774429413,0.15580993959209247,-0.37692568400252174,0.4267117588767631,0.019606639973249882,-0.00901320293013549,0.1747937179614761,0.019199173544150277,Calm,sub-33
0.5760947754124369,0.2576127604318081,0.5105261892560263,0.5094780945084376,0.29666343881692075,0.06974293715320491,0.6310390658623105,0.7039216838428285,0.2392316287904893,0.5557758652079617,0.41960935081314926,Delighted,sub-33
0.04095089032372743,0.016666488714734758,0.11122941377182759,-0.034015590249437316,-0.1572628814299789,-0.1191947846262391,-0.04961366795178278,0.08376342694345165,-0.13458957603782917,0.0034995262552230586,0.007803967164193161,Depressed,sub-33
0.3579231383871525,0.3054871382733239,-0.014617183262930461,0.4090054330039534,0.18455831042049042,0.4491571229018665,-0.024784570599066143,0.07128608543146968,0.13756772207571727,0.293257696662737,0.266289947016868,Excited,sub-33
-0.01458007522799315,-0.014316582419019019,0.3083040129509006,0.1434543317669518,-0.12354791740374531,-0.3341555023930473,0.22912320535168598,0.1466745175305566,-0.11690766320306459,0.1511662103909558,0.05203436853181537,Afraid,sub-34
0.0750887453263312,0.37625232704040495,-0.14156487058888764,-0.0505102530156303,0.3330782886196013,0.4605656010526426,0.127485744560465,0.033567634063568004,0.24632563955042577,-0.028208231600333634,0.14440895514744131,Calm,sub-34
0.3478773238838237,0.4145878981572882,-0.07090965770065513,0.013715572107069592,0.42552725191803886,0.6156087127104444,-0.02959201043477311,0.03035072008793161,0.48871583971768606,-0.07314716416860469,0.2529391637883528,Delighted,sub-34
0.1528529202399928,0.10865969350723041,-0.19133355570462607,0.24587375570515493,0.2702534745118976,0.5451474157896913,-0.14522443144851788,-0.0964289394968374,0.22004300621876918,0.1196218222324218,0.11185666609008321,Depressed,sub-34
0.11524232303130341,0.1787157143785011,0.5599225204993971,0.4120423152480684,0.049117215944406184,-0.36407561965531915,0.6080182598375486,0.3144474152199546,-0.0585263775946818,0.4781776685663263,0.2503921510555836,Excited,sub-34
-0.29202435101403684,0.39055335066648855,0.054225817166497756,0.18283408542538587,0.22123665654354205,0.20000916858231096,0.1792769241148771,0.03948311442622184,-0.17362538610885098,0.07663837574955122,0.12229024080915092,Afraid,sub-35
0.4509671833224051,-0.013516017903238685,-0.2107170351595572,-0.46321963480324374,0.42150173170041433,0.4512740529040999,0.07368135577397524,0.10642599354455202,0.5708823325091148,-0.3065783212516351,0.039487828718707395,Calm,sub-35
0.2764601587668791,0.2590391479403427,0.14612327123303415,-0.016576090530319526,-0.10697710860280796,0.005697361161119375,-0.12560496906735596,0.08287791981960943,0.006848724429810179,-0.051057507732830944,0.152524244990535,Delighted,sub-35
0.20311064334800663,0.1480349348155176,0.1115418069211624,0.08714919096558794,-0.08998681010405057,-0.12649928752968942,0.06878013435497596,0.15437801927928718,0.1563068099160267,0.12997277913601227,0.11467392128188618,Depressed,sub-35
0.10681191719504071,0.386413894589219,0.4447371509111138,0.6711067224529103,-0.031889486956165794,0.03242876712957108,0.18238710582398737,0.32726107866490645,-0.22006045956938808,0.5912749060823352,0.3272198661074777,Excited,sub-35
-0.020104270910560364,0.11461109779343628,0.3934850900980617,0.021355384657713916,0.02155555252000989,-0.2210465415075721,0.31867836979094316,0.21645649734330036,0.23151264705449828,-0.02267720465080274,0.10304326250107593,Afraid,sub-36
0.5897232548768332,0.6211072413719982,0.2738049736446301,0.41731807322291586,0.6947415562384446,0.9786647482467199,0.3585160042828689,0.35706517034008206,0.5065999907510292,0.39885003773430344,0.5312707945124203,Calm,sub-36
0.09988880392436235,0.005266691851216264,-0.17527372914296446,0.12795283961718698,-0.02213437700466031,0.16604293472686713,-0.2999278765776479,0.07976995553494881,0.061768454672306836,0.10832882329993444,0.013883413389626004,Delighted,sub-36
0.041091554427828185,-0.07703407575238735,0.36065367323776154,0.10538982453339014,-0.01509677188099407,-0.0036442677995782995,0.13952836360792634,0.26070233258975223,-0.08901058351455529,0.10820702474513892,0.061130485693823934,Depressed,sub-36
0.07821905640014264,-0.22319981560235214,0.6002614576172067,0.0474340402046306,-0.1448083037322437,-0.2860243979334153,0.24504491761507352,0.47790792251038405,-0.20817603533540688,0.05465533927868536,0.03802346971974007,Excited,sub-36
-0.07744961633177773,0.6230853157976691,-0.14826099715176028,0.09079816825485548,0.41641979371841575,0.3038480333738401,0.18054342271604096,-0.41020642729385104,0.45739289280685946,0.08608490416174008,0.21944062684272372,Afraid,sub-37
-0.2847679834719288,0.4257390229972338,-0.3183732145553958,-0.10437780511108985,0.049804824553053,-0.23092741326366142,0.0169897145284031,-0.5300448010107368,0.2792545542019719,-0.04386232246921452,0.0035512149323692252,Calm,sub-37
0.12710821346283904,0.2625932399519094,-0.15393984301606675,-0.1643218523226406,0.28852430049373895,0.6279846005241996,-0.11685084379213381,0.091892092004193,0.18027072710841577,-0.23270732755516207,0.09421127474213846,Delighted,sub-37
0.2977806231278716,0.10408085751623256,0.09413207403083068,0.15630132297176588,0.19167589387159914,0.3248667372733041,0.0857643654530013,0.38589308214274404,0.15191132645331368,0.16810959587581112,0.16646504700834258,Depressed,sub-37
0.13856279492135004,-0.11238109746284503,0.2608959106589339,0.5726504318671597,-0.2712151856975227,-0.23425194610767738,-0.02952534342205042,0.4337020861359579,-0.31461823810624495,0.5196684586642051,0.10165737308782889,Excited,sub-37
0.054655792103715524,0.24072397248633326,0.2578143089818703,0.11859076431873039,-0.014974061286633237,-0.04930793273977487,0.07508330896569963,0.20315848851958193,-0.13069875567820838,0.1016988590000965,0.14861394831501826,Afraid,sub-38
0.7324022909249269,0.6043809746838698,-0.052472487986079015,0.095351606066827,0.789925435719815,1.0463551310599104,0.23354779813144738,0.2333815300836824,0.8047534264975139,-0.051989959378176125,0.46259844540410655,Calm,sub-38
0.105631286606075,-0.03768471212030029,0.45984782444209094,0.5428624031414773,-0.19830700710632362,-0.21843896988029157,0.09063811556444534,0.42403643144748815,-0.2072801382654621,0.5104042408973642,0.15476069268526924,Delighted,sub-38
0.10710125724135432,-0.18575078464641723,0.42607451537241503,0.3446610125644278,0.05308812170344954,0.057183963151316096,0.263616764046415,0.22641288404391566,-0.1550706562010476,0.3627478747621286,0.10158885445154332,Depressed,sub-38
0.15030142294935686,0.12123755223948486,0.03058081687577628,0.5998399120513801,0.07900510126834721,0.07958041643737723,0.11716376438027103,0.0530786108352489,0.15723139262705615,0.613984377685657,0.18727657031380276,Excited,sub-38
-0.06711089727931291,0.10250871909672708,-0.022603382818241816,-0.12074269012223063,0.10775677311563343,-0.020188173422848597,0.033162053189888976,-0.1263940697110876,0.17842641489480224,0.04969721660222248,0.006232978573926768,Afraid,sub-39
0.0758353774576027,0.192177688205556,0.014258771616258919,-0.2022072478816768,0.4092134889570939,0.5563080524275373,0.01213422059181254,-0.25924994392717227,0.21665093328033008,-0.12658199460515043,0.09726140830700393,Calm,sub-39
0.23831262098886527,0.07867631042397512,0.44399644564164487,0.12488514543775836,0.09420854244678084,0.24298899519473036,0.10007123264767992,0.4748967676876165,0.03315903225385253,0.04801272526458895,0.18578932230318865,Delighted,sub-39
-0.02522208017620549,-0.18549270770796014,-0.09254002104382796,-0.07252916048432563,-0.13849617758469704,-0.04888300997757344,-0.17414749288870562,0.0076860292865448265,-0.06029196079536192,-0.06735639481826246,-0.10857008365189735,Depressed,sub-39
0.02222638984110508,0.13761752474132766,0.16137326219003975,0.3770580050805731,-0.2460794512238409,-0.23237954204819158,0.13140338549387984,0.1543766808192448,-0.17747235041712622,0.3536576433299636,0.10707763729570681,Excited,sub-39
0.24638623025339443,0.04082356569001835,0.2663015403718003,0.13548404416526943,0.039215284687558104,0.07241761848529181,0.10553244737505645,0.2838795795384394,-0.13373259834452064,0.13651494077537932,0.14108705005332334,Afraid,sub-40
-0.36109869544893286,-0.08838937299114838,-0.32100634918906995,-0.03071804172016035,-0.2380113856917381,-0.3760046123098471,-0.13828676548621952,-0.484925216294077,-0.07287198000610881,-0.014755619894160998,-0.19874561846311997,Calm,sub-40
0.23758216997039264,0.2513835262312162,0.1256856550797435,-0.058477900888154924,0.32386592543787335,0.33229080110888615,0.10268399867866469,0.19096442632117006,0.4414747995966676,-0.09950361284018622,0.18468779894380227,Delighted,sub-40
0.15773488208844763,0.027908285360342806,0.14178769286111703,-0.13496762204320195,0.28737895877838276,0.3291241958060048,0.20169870777723395,0.016296858162512917,0.280840616937054,-0.13601063369757363,0.08192796463732675,Depressed,sub-40
-0.1541165617518183,-0.1396159291802153,0.0458472071274402,0.1839295806132884,-0.1793911921907927,-0.16684148215944802,0.01882028615824441,0.01808970812610946,-0.21426634928300717,0.1900320264652088,-0.06307612433733663,Excited,sub-40
